{
"lengthUnit": "mil",
"remark": [],
"components": {
	"fields": ["COMPONENT_NO", "COMPONENT_NAME", "LAYER", "X_COORDINATE", "Y_COORDINATE", "ANGLE"],
	"rows": [
		[1, "B1", "T", 245, -885, 90],
		[2, "BUZZER1", "T", 1170, -1330, 270],
		[3, "C1", "T", 1305, -595, 0],
		[4, "C2", "T", 1080, -435, 90],
		[5, "H2", "T", 945, -905, 270],
		[6, "H3", "T", 1630, -800, 270],
		[7, "LED2", "T", 725, -1405, 90],
		[8, "R6", "T", 570, -1545, 0],
		[9, "SW2", "T", 835, -645, 180],
		[10, "SW5", "T", 700, -370, 0],
		[11, "U4", "T", 1305, -830, 270],
		[12, "PAD1", "T", 957.402, -1329.997, 0],
		[13, "PAD2", "T", 1382.602, -1329.997, 0],
		[14, "PAD3", "T", 1344.37, -595, 0],
		[15, "PAD4", "T", 1265.63, -595, 0],
		[16, "PAD5", "T", 1080, -375.26, 0],
		[17, "PAD6", "T", 1080, -494.74, 0],
		[18, "PAD7", "T", 917.68, -687.32, 0],
		[19, "PAD8", "T", 752.32, -687.32, 0],
		[20, "PAD9", "T", 917.68, -602.68, 0],
		[21, "PAD10", "T", 752.32, -602.68, 0],
		[22, "PAD11", "T", 1198.701, -680, 0],
		[23, "PAD12", "T", 1198.701, -730, 0],
		[24, "PAD13", "T", 1198.701, -880, 0],
		[25, "PAD14", "T", 1198.701, -930, 0],
		[26, "PAD15", "T", 1198.701, -980, 0],
		[27, "PAD16", "T", 1411.299, -680, 0],
		[28, "PAD17", "T", 1411.299, -880, 0],
		[29, "PAD18", "T", 1411.299, -930, 0],
		[30, "PAD19", "T", 1411.299, -980, 0],
		[31, "PAD20", "T", 945, -955, 0],
		[32, "PAD20", "B", 945, -955, 0],
		[33, "PAD21", "T", 945, -855, 0],
		[34, "PAD21", "B", 945, -855, 0],
		[35, "PAD22", "T", 628.22, -1545, 0],
		[36, "PAD23", "T", 511.78, -1545, 0],
		[37, "PAD24", "T", 244.999, -1278.695, 0],
		[38, "PAD24", "B", 244.999, -1278.695, 0],
		[39, "PAD25", "T", 244.999, -491.305, 0],
		[40, "PAD25", "B", 244.999, -491.305, 0],
		[41, "PAD26", "T", 725, -1365.63, 0],
		[42, "PAD27", "T", 725, -1444.37, 0],
		[43, "PAD28", "T", 601.575, -303.07, 0],
		[44, "PAD28", "B", 601.575, -303.07, 0],
		[45, "PAD29", "T", 700.005, -303.07, 0],
		[46, "PAD29", "B", 700.005, -303.07, 0],
		[47, "PAD30", "T", 798.425, -303.07, 0],
		[48, "PAD30", "B", 798.425, -303.07, 0],
		[49, "PAD31", "T", 798.425, -436.93, 0],
		[50, "PAD31", "B", 798.425, -436.93, 0],
		[51, "PAD32", "T", 601.575, -436.93, 0],
		[52, "PAD32", "B", 601.575, -436.93, 0],
		[53, "PAD33", "T", 699.995, -436.93, 0],
		[54, "PAD33", "B", 699.995, -436.93, 0],
		[55, "PAD34", "T", 1630, -700, 0],
		[56, "PAD34", "B", 1630, -700, 0],
		[57, "PAD35", "T", 1630, -800, 0],
		[58, "PAD35", "B", 1630, -800, 0],
		[59, "PAD36", "T", 1630, -900, 0],
		[60, "PAD36", "B", 1630, -900, 0]
	]
},
"pins": {
	"fields": ["PIN_NO", "PIN_NAME", "PIN_X", "PIN_Y", "LAYER", "PIN_TYPE", "NET_NAME", "NET_TYPE", "PAD_SHAPE", "PAD_SIZEX", "PAD_SIZEY", "HOLE_SIZE", "HOLE_LEN", "PAD_ANGLE"],
	"rows": [
		[1, "B1_1", 244.999, -1278.695, "T", "DIP", "GND", "GND", "C", 70.866, 70.866, 47.244, 47.244, 90],
		[2, "B1_1", 244.999, -1278.695, "B", "DIP", "GND", "GND", "C", 70.866, 70.866, 47.244, 47.244, 90],
		[3, "B1_2", 244.999, -491.305, "T", "DIP", "VBATT", "", "C", 70.866, 70.866, 47.244, 47.244, 90],
		[4, "B1_2", 244.999, -491.305, "B", "DIP", "VBATT", "", "C", 70.866, 70.866, 47.244, 47.244, 90],
		[5, "BUZZER1_1", 1382.602, -1329.997, "T", "SMD", "$1N766", "", "R", 59.055, 196.85, 0, 0, 0],
		[6, "BUZZER1_2", 957.402, -1329.997, "T", "SMD", "$1N771", "", "R", 59.055, 196.85, 0, 0, 0],
		[7, "C1_1", 1265.63, -595, "T", "SMD", "VCC", "", "R", 55.512, 53.15, 0, 0, 0],
		[8, "C1_2", 1344.37, -595, "T", "SMD", "GND", "GND", "R", 55.512, 53.15, 0, 0, 0],
		[9, "C2_1", 1080, -494.74, "T", "SMD", "GND", "GND", "R", 64.37, 106.299, 0, 0, 90],
		[10, "C2_2", 1080, -375.26, "T", "SMD", "VCC", "", "R", 64.37, 106.299, 0, 0, 90],
		[11, "H2_1", 945, -855, "T", "DIP", "RX", "", "R", 70.866, 70.866, 43.308, 43.308, 270],
		[12, "H2_1", 945, -855, "B", "DIP", "RX", "", "R", 70.866, 70.866, 43.308, 43.308, 270],
		[13, "H2_2", 945, -955, "T", "DIP", "TX", "", "C", 70.866, 70.866, 43.308, 43.308, 270],
		[14, "H2_2", 945, -955, "B", "DIP", "TX", "", "C", 70.866, 70.866, 43.308, 43.308, 270],
		[15, "H3_1", 1630, -700, "T", "DIP", "VCC", "", "R", 66.929, 66.929, 43.308, 43.308, 270],
		[16, "H3_1", 1630, -700, "B", "DIP", "VCC", "", "R", 66.929, 66.929, 43.308, 43.308, 270],
		[17, "H3_2", 1630, -800, "T", "DIP", "UPDI", "", "C", 66.929, 66.929, 43.308, 43.308, 270],
		[18, "H3_2", 1630, -800, "B", "DIP", "UPDI", "", "C", 66.929, 66.929, 43.308, 43.308, 270],
		[19, "H3_3", 1630, -900, "T", "DIP", "GND", "GND", "C", 66.929, 66.929, 43.308, 43.308, 270],
		[20, "H3_3", 1630, -900, "B", "DIP", "GND", "GND", "C", 66.929, 66.929, 43.308, 43.308, 270],
		[21, "LED2_1", 725, -1444.37, "T", "SMD", "$1N3326", "", "R", 39.37, 49.213, 0, 0, 270],
		[22, "LED2_2", 725, -1365.63, "T", "SMD", "$1N3320", "", "R", 39.37, 49.213, 0, 0, 270],
		[23, "R6_1", 511.78, -1545, "T", "SMD", "GND", "GND", "R", 47.54, 66.969, 0, 0, 0],
		[24, "R6_2", 628.22, -1545, "T", "SMD", "$1N3326", "", "R", 47.54, 66.969, 0, 0, 0],
		[25, "SW2_1", 917.68, -687.32, "T", "SMD", "$1N1697", "", "R", 41.339, 27.559, 0, 0, 180],
		[26, "SW2_2", 752.32, -687.32, "T", "SMD", "$1N1697", "", "R", 41.339, 27.559, 0, 0, 180],
		[27, "SW2_3", 917.68, -602.68, "T", "SMD", "GND", "GND", "R", 41.339, 27.559, 0, 0, 180],
		[28, "SW2_4", 752.32, -602.68, "T", "SMD", "GND", "GND", "R", 41.339, 27.559, 0, 0, 180],
		[29, "SW5_1", 601.575, -303.07, "T", "DIP", "VBATT", "", "C", 66.929, 66.929, 35.434, 35.434, 90],
		[30, "SW5_1", 601.575, -303.07, "B", "DIP", "VBATT", "", "C", 66.929, 66.929, 35.434, 35.434, 90],
		[31, "SW5_2", 700.005, -303.07, "T", "DIP", "VBATT", "", "C", 66.929, 66.929, 35.434, 35.434, 90],
		[32, "SW5_2", 700.005, -303.07, "B", "DIP", "VBATT", "", "C", 66.929, 66.929, 35.434, 35.434, 90],
		[33, "SW5_3", 798.425, -303.07, "T", "DIP", "VCC", "", "C", 66.929, 66.929, 35.434, 35.434, 90],
		[34, "SW5_3", 798.425, -303.07, "B", "DIP", "VCC", "", "C", 66.929, 66.929, 35.434, 35.434, 90],
		[35, "SW5_4", 601.575, -436.93, "T", "DIP", "VBATT", "", "C", 66.929, 66.929, 35.434, 35.434, 90],
		[36, "SW5_4", 601.575, -436.93, "B", "DIP", "VBATT", "", "C", 66.929, 66.929, 35.434, 35.434, 90],
		[37, "SW5_5", 699.995, -436.93, "T", "DIP", "VBATT", "", "C", 66.929, 66.929, 35.434, 35.434, 90],
		[38, "SW5_5", 699.995, -436.93, "B", "DIP", "VBATT", "", "C", 66.929, 66.929, 35.434, 35.434, 90],
		[39, "SW5_6", 798.425, -436.93, "T", "DIP", "VCC", "", "C", 66.929, 66.929, 35.434, 35.434, 90],
		[40, "SW5_6", 798.425, -436.93, "B", "DIP", "VCC", "", "C", 66.929, 66.929, 35.434, 35.434, 90],
		[41, "U4_1", 1198.701, -680, "T", "SMD", "VCC", "", "O", 23.622, 61.024, 0, 0, 270],
		[42, "U4_2", 1198.701, -730, "T", "SMD", "$1N1697", "", "O", 23.622, 61.024, 0, 0, 270],
		[43, "U4_3", 1198.701, -780, "T", "SMD", "NET_1", "", "O", 23.622, 61.024, 0, 0, 270],
		[44, "U4_4", 1198.701, -830, "T", "SMD", "NET_2", "", "O", 23.622, 61.024, 0, 0, 270],
		[45, "U4_5", 1198.701, -880, "T", "SMD", "$1N3320", "", "O", 23.622, 61.024, 0, 0, 270],
		[46, "U4_6", 1198.701, -930, "T", "SMD", "RX", "", "O", 23.622, 61.024, 0, 0, 270],
		[47, "U4_7", 1198.701, -980, "T", "SMD", "TX", "", "O", 23.622, 61.024, 0, 0, 270],
		[48, "U4_8", 1411.299, -980, "T", "SMD", "$1N771", "", "O", 23.622, 61.024, 0, 0, 270],
		[49, "U4_9", 1411.299, -930, "T", "SMD", "$1N766", "", "O", 23.622, 61.024, 0, 0, 270],
		[50, "U4_10", 1411.299, -880, "T", "SMD", "UPDI", "", "O", 23.622, 61.024, 0, 0, 270],
		[51, "U4_11", 1411.299, -830, "T", "SMD", "NET_3", "", "O", 23.622, 61.024, 0, 0, 270],
		[52, "U4_12", 1411.299, -780, "T", "SMD", "NET_4", "", "O", 23.622, 61.024, 0, 0, 270],
		[53, "U4_13", 1411.299, -730, "T", "SMD", "NET_5", "", "O", 23.622, 61.024, 0, 0, 270],
		[54, "U4_14", 1411.299, -680, "T", "SMD", "GND", "GND", "O", 23.622, 61.024, 0, 0, 270],
		[55, "PAD1_2", 957.402, -1329.997, "T", "SMD", "$1N771", "", "R", 59.055, 196.85, 0, 0, 0],
		[56, "PAD2_1", 1382.602, -1329.997, "T", "SMD", "$1N766", "", "R", 59.055, 196.85, 0, 0, 0],
		[57, "PAD3_2", 1344.37, -595, "T", "SMD", "GND", "GND", "R", 55.512, 53.15, 0, 0, 0],
		[58, "PAD4_1", 1265.63, -595, "T", "SMD", "VCC", "", "R", 55.512, 53.15, 0, 0, 0],
		[59, "PAD5_2", 1080, -375.26, "T", "SMD", "VCC", "", "R", 64.37, 106.299, 0, 0, 90],
		[60, "PAD6_1", 1080, -494.74, "T", "SMD", "GND", "GND", "R", 64.37, 106.299, 0, 0, 90],
		[61, "PAD7_1", 917.68, -687.32, "T", "SMD", "$1N1697", "", "R", 41.339, 27.559, 0, 0, 180],
		[62, "PAD8_2", 752.32, -687.32, "T", "SMD", "$1N1697", "", "R", 41.339, 27.559, 0, 0, 180],
		[63, "PAD9_3", 917.68, -602.68, "T", "SMD", "GND", "GND", "R", 41.339, 27.559, 0, 0, 180],
		[64, "PAD10_4", 752.32, -602.68, "T", "SMD", "GND", "GND", "R", 41.339, 27.559, 0, 0, 180],
		[65, "PAD11_1", 1198.701, -680, "T", "SMD", "VCC", "", "O", 23.622, 61.024, 0, 0, 270],
		[66, "PAD12_2", 1198.701, -730, "T", "SMD", "$1N1697", "", "O", 23.622, 61.024, 0, 0, 270],
		[67, "PAD13_5", 1198.701, -880, "T", "SMD", "$1N3320", "", "O", 23.622, 61.024, 0, 0, 270],
		[68, "PAD14_6", 1198.701, -930, "T", "SMD", "RX", "", "O", 23.622, 61.024, 0, 0, 270],
		[69, "PAD15_7", 1198.701, -980, "T", "SMD", "TX", "", "O", 23.622, 61.024, 0, 0, 270],
		[70, "PAD16_14", 1411.299, -680, "T", "SMD", "GND", "GND", "O", 23.622, 61.024, 0, 0, 270],
		[71, "PAD17_10", 1411.299, -880, "T", "SMD", "UPDI", "", "O", 23.622, 61.024, 0, 0, 270],
		[72, "PAD18_9", 1411.299, -930, "T", "SMD", "$1N766", "", "O", 23.622, 61.024, 0, 0, 270],
		[73, "PAD19_8", 1411.299, -980, "T", "SMD", "$1N771", "", "O", 23.622, 61.024, 0, 0, 270],
		[74, "PAD20_2", 945, -955, "T", "DIP", "TX", "", "C", 70.866, 70.866, 43.308, 43.308, 270],
		[75, "PAD20_2", 945, -955, "B", "DIP", "TX", "", "C", 70.866, 70.866, 43.308, 43.308, 270],
		[76, "PAD21_1", 945, -855, "T", "DIP", "RX", "", "R", 70.866, 70.866, 43.308, 43.308, 270],
		[77, "PAD21_1", 945, -855, "B", "DIP", "RX", "", "R", 70.866, 70.866, 43.308, 43.308, 270],
		[78, "PAD22_2", 628.22, -1545, "T", "SMD", "$1N3326", "", "R", 47.54, 66.969, 0, 0, 0],
		[79, "PAD23_1", 511.78, -1545, "T", "SMD", "GND", "GND", "R", 47.54, 66.969, 0, 0, 0],
		[80, "PAD24_1", 244.999, -1278.695, "T", "DIP", "GND", "GND", "C", 70.866, 70.866, 47.244, 47.244, 90],
		[81, "PAD24_1", 244.999, -1278.695, "B", "DIP", "GND", "GND", "C", 70.866, 70.866, 47.244, 47.244, 90],
		[82, "PAD25_2", 244.999, -491.305, "T", "DIP", "VBATT", "", "C", 70.866, 70.866, 47.244, 47.244, 90],
		[83, "PAD25_2", 244.999, -491.305, "B", "DIP", "VBATT", "", "C", 70.866, 70.866, 47.244, 47.244, 90],
		[84, "PAD26_2", 725, -1365.63, "T", "SMD", "$1N3320", "", "R", 39.37, 49.213, 0, 0, 270],
		[85, "PAD27_1", 725, -1444.37, "T", "SMD", "$1N3326", "", "R", 39.37, 49.213, 0, 0, 270],
		[86, "PAD28_1", 601.575, -303.07, "T", "DIP", "VBATT", "", "C", 66.929, 66.929, 35.434, 35.434, 90],
		[87, "PAD28_1", 601.575, -303.07, "B", "DIP", "VBATT", "", "C", 66.929, 66.929, 35.434, 35.434, 90],
		[88, "PAD29_2", 700.005, -303.07, "T", "DIP", "VBATT", "", "C", 66.929, 66.929, 35.434, 35.434, 90],
		[89, "PAD29_2", 700.005, -303.07, "B", "DIP", "VBATT", "", "C", 66.929, 66.929, 35.434, 35.434, 90],
		[90, "PAD30_3", 798.425, -303.07, "T", "DIP", "VCC", "", "C", 66.929, 66.929, 35.434, 35.434, 90],
		[91, "PAD30_3", 798.425, -303.07, "B", "DIP", "VCC", "", "C", 66.929, 66.929, 35.434, 35.434, 90],
		[92, "PAD31_6", 798.425, -436.93, "T", "DIP", "VCC", "", "C", 66.929, 66.929, 35.434, 35.434, 90],
		[93, "PAD31_6", 798.425, -436.93, "B", "DIP", "VCC", "", "C", 66.929, 66.929, 35.434, 35.434, 90],
		[94, "PAD32_4", 601.575, -436.93, "T", "DIP", "VBATT", "", "C", 66.929, 66.929, 35.434, 35.434, 90],
		[95, "PAD32_4", 601.575, -436.93, "B", "DIP", "VBATT", "", "C", 66.929, 66.929, 35.434, 35.434, 90],
		[96, "PAD33_5", 699.995, -436.93, "T", "DIP", "VBATT", "", "C", 66.929, 66.929, 35.434, 35.434, 90],
		[97, "PAD33_5", 699.995, -436.93, "B", "DIP", "VBATT", "", "C", 66.929, 66.929, 35.434, 35.434, 90],
		[98, "PAD34_1", 1630, -700, "T", "DIP", "VCC", "", "R", 66.929, 66.929, 43.308, 43.308, 270],
		[99, "PAD34_1", 1630, -700, "B", "DIP", "VCC", "", "R", 66.929, 66.929, 43.308, 43.308, 270],
		[100, "PAD35_2", 1630, -800, "T", "DIP", "UPDI", "", "C", 66.929, 66.929, 43.308, 43.308, 270],
		[101, "PAD35_2", 1630, -800, "B", "DIP", "UPDI", "", "C", 66.929, 66.929, 43.308, 43.308, 270],
		[102, "PAD36_3", 1630, -900, "T", "DIP", "GND", "GND", "C", 66.929, 66.929, 43.308, 43.308, 270],
		[103, "PAD36_3", 1630, -900, "B", "DIP", "GND", "GND", "C", 66.929, 66.929, 43.308, 43.308, 270]
	]
}
}